"0","1467810369","Mon Apr 06 22:19:45 PDT 2009","NO_QUERY","_TheSpecialOne_","@switchfoot http://twitpic.com/2y1zl - Awww, that's a bummer.  You shoulda got David Carr of Third Day to do it. ;D"
"0","1467810672","Mon Apr 06 22:19:49 PDT 2009","NO_QUERY","scotthamilton","is upset that he can't update his Facebook by texting it... and might cry as a result  School today also. Blah!"
"0","1467810917","Mon Apr 06 22:19:53 PDT 2009","NO_QUERY","mattycus","@Kenichan I dived many times for the ball. Managed to save 50%  The rest go out of bounds"
"0","1467811184","Mon Apr 06 22:19:57 PDT 2009","NO_QUERY","ElleCTF","my whole body feels itchy and like its on fire "
"0","1467811193","Mon Apr 06 22:19:57 PDT 2009","NO_QUERY","Karoli","@nationwideclass no, it's not behaving at all. i'm mad. why am i here? because I can't see you all over there. "
"0","1467811372","Mon Apr 06 22:20:00 PDT 2009","NO_QUERY","joy_wolf","@Kwesidei not the whole crew "
"0","1467811592","Mon Apr 06 22:20:03 PDT 2009","NO_QUERY","mybirch","Need a hug "
"0","1467811594","Mon Apr 06 22:20:03 PDT 2009","NO_QUERY","coZZ","@LOLTrish hey  long time no see! Yes.. Rains a bit ,only a bit  LOL , I'm fine thanks , how's you ?"
"0","1467811795","Mon Apr 06 22:20:05 PDT 2009","NO_QUERY","2Hood4Hollywood","@Tatiana_K nope they didn't have it "
"0","1467812025","Mon Apr 06 22:20:09 PDT 2009","NO_QUERY","mimismo","@twittera que me muera ? "
"0","1467812416","Mon Apr 06 22:20:16 PDT 2009","NO_QUERY","erinx3leannexo","spring break in plain city... it's snowing "
"0","1467812579","Mon Apr 06 22:20:17 PDT 2009","NO_QUERY","pardonlauren","I just re-pierced my ears "
"0","1467812723","Mon Apr 06 22:20:19 PDT 2009","NO_QUERY","TLeC","@caregiving I couldn't bear to watch it.  And I thought the UA loss was embarrassing . . . . ."
"0","1467812771","Mon Apr 06 22:20:19 PDT 2009","NO_QUERY","robrobbierobert","@octolinz16 It it counts, idk why I did either. you never talk to me anymore "
"0","1467812784","Mon Apr 06 22:20:20 PDT 2009","NO_QUERY","bayofwolves","@smarrison i would've been the first, but i didn't have a gun.    not really though, zac snyder's just a doucheclown."
"0","1467812799","Mon Apr 06 22:20:20 PDT 2009","NO_QUERY","HairByJess","@iamjazzyfizzle I wish I got to watch it with you!! I miss you and @iamlilnicki  how was the premiere?!"
"0","1467812964","Mon Apr 06 22:20:22 PDT 2009","NO_QUERY","lovesongwriter","Hollis' death scene will hurt me severely to watch on film  wry is directors cut not out now?"
"0","1467813137","Mon Apr 06 22:20:25 PDT 2009","NO_QUERY","armotley","about to file taxes "
"0","1467813579","Mon Apr 06 22:20:31 PDT 2009","NO_QUERY","starkissed","@LettyA ahh ive always wanted to see rent  love the soundtrack!!"
"0","1467813782","Mon Apr 06 22:20:34 PDT 2009","NO_QUERY","gi_gi_bee","@FakerPattyPattz Oh dear. Were you drinking out of the forgotten table drinks? "
"0","1467813985","Mon Apr 06 22:20:37 PDT 2009","NO_QUERY","quanvu","@alydesigns i was out most of the day so didn't get much done "
"0","1467813992","Mon Apr 06 22:20:38 PDT 2009","NO_QUERY","swinspeedx","one of my friend called me, and asked to meet with her at Mid Valley today...but i've no time *sigh* "
"0","1467814119","Mon Apr 06 22:20:40 PDT 2009","NO_QUERY","cooliodoc","@angry_barista I baked you a cake but I ated it "
"0","1467814180","Mon Apr 06 22:20:40 PDT 2009","NO_QUERY","viJILLante","this week is not going as i had hoped "
"0","1467814192","Mon Apr 06 22:20:41 PDT 2009","NO_QUERY","Ljelli3166","blagh class at 8 tomorrow "
"0","1467814438","Mon Apr 06 22:20:44 PDT 2009","NO_QUERY","ChicagoCubbie","I hate when I have to call and wake people up "
"0","1467814783","Mon Apr 06 22:20:50 PDT 2009","NO_QUERY","KatieAngell","Just going to cry myself to sleep after watching Marley and Me.  "
"0","1467814883","Mon Apr 06 22:20:52 PDT 2009","NO_QUERY","gagoo","im sad now  Miss.Lilly"
"0","1467815199","Mon Apr 06 22:20:56 PDT 2009","NO_QUERY","abel209","ooooh.... LOL  that leslie.... and ok I won't do it again so leslie won't  get mad again "
"0","1467815753","Mon Apr 06 22:21:04 PDT 2009","NO_QUERY","BaptisteTheFool","Meh... Almost Lover is the exception... this track gets me depressed every time. "
"0","1467815923","Mon Apr 06 22:21:07 PDT 2009","NO_QUERY","fatkat309","some1 hacked my account on aim  now i have to make a new one"
"0","1467815924","Mon Apr 06 22:21:07 PDT 2009","NO_QUERY","EmCDL","@alielayus I want to go to promote GEAR AND GROOVE but unfornately no ride there  I may b going to the one in Anaheim in May though"
"0","1467815988","Mon Apr 06 22:21:09 PDT 2009","NO_QUERY","merisssa","thought sleeping in was an option tomorrow but realizing that it now is not. evaluations in the morning and work in the afternoon! "
"0","1467816149","Mon Apr 06 22:21:11 PDT 2009","NO_QUERY","Pbearfox","@julieebaby awe i love you too!!!! 1 am here  i miss you"
"0","1467816665","Mon Apr 06 22:21:21 PDT 2009","NO_QUERY","jsoo","@HumpNinja I cry my asian eyes to sleep at night "